BER7-B11_head	1	ATCACG	virescens
BER7-B11_abd	2	CGATGT	virescens
BER7-B11_ant	3	TTAGGC	virescens
Lfig_06_head	4	TGACCA	figueresi
Lfig_06_abd	5	ACAGTG	figueresi
Lfig_06_ant	6	GCCAAT	figueresi
BER1-A1_head	7	CAGATC	pura
BER1-A1_abd	8	ACTTGA	pura
BER1-A1_ant	9	GATCAG	pura
KMT5L-H10_head	10	TAGCTT	marginatum
KMT5L-H10_abd	11	GGCTAC	marginatum
KMT5L-H10_ant	12	CTTGTA	marginatum
S75	callum	ant	pura
S76A	callum	ant	marginatum
S77A	callum	ant	zephyrum
S78A	callum	ant	oenotherae
S79A	callum	duf	aurata
S80A	callum	duf	pura
S81A	callum	duf	leucozonium
S83A	callum	duf	marginatum
S84A	callum	duf	vierecki
S85A	callum	duf	zephyrum
S86A	callum	duf	calceatum
S87A	callum	duf	albipes
S88A	callum	duf	malachurum
S89	callum	duf	oenotherae
S90	callum	duf	pauxillum
S98TA	callum	duf	figueresi
BER1-E1_head	17	GTAGAG	aurata
BER1-E1_abd	24	GGTAGC	aurata
BER2-B8_head	26	ATGAGC	leucozonium
BER2-B8_abd	28	CAAAAG	leucozonium
BER1-E2_head	1	ATCACG	ligatus
BER1-E2_abd	2	CGATGT	ligatus
ESW2-B6_head	3	TTAGGC	pauxillum
ESW2-B6_abd	4	TGACCA	pauxillum
BER5-F6_head	5	ACAGTG	vierecki
BER5-F6_abd	6	GCCAAT	vierecki
ESW7-H3_L2	7	CAGATC	malachurum
ESW7-H3_L3	8	ACTTGA	malachurum
ESW7-H3_L4	9	GATCAG	malachurum
BER2-B8_ant	12	CTTGTA	leucozonium
ESW7-H3_L5	13	AGTCAA	malachurum
ESW8-E10_PY	14	AGTTCC	pauxillum
ESW8-E10_PO	15	ATGTCA	pauxillum
ESW8-E10_L3	16	CCGTCC	pauxillum
PD_nest12_L3	18	GTCCGC	calceatum
PD_nest12_P	20	GTGGCC	calceatum
ESW7-H3_L1.1	21	GTTTCG	malachurum
ESW8-E10_L1.1	22	CGTACG	pauxillum
ESW8-E10_ant	23	GAGTGG	pauxillum
BER3-C3_ant	10	TAGCTT	aurata
BER2-B10_ant	11	GGCTAC	ligatus
PD_nest12_head	25	ACTGAT	calceatum
PD_nest12_abd	29	CAACTA	calceatum
ESW2-H4_head	19	GTGAAA	malachurum
ESW2-H4_abd	35	CATTTT	malachurum
BER3-E2_ant	27	ATTCCT	vierecki
PD_nest12_ant	36	CCAACA	calceatum